EL1: Electronic Ladder,A1: DNA-1,B1: DNA-2,C1: DNA-3,D1: RNA-1,E1: RNA-2,F1: RNA-3,G1: RNA-4,H1: RNA-5
0,0,0,0,0,0,0,0,0
0,0,0,0,0,0,0,0,0
0,0,0,0,0,0,0,0,0
0,0,0,0,0,0,0,0,0
0,0.5703775,0,0,0,0,0,0,0
0,0.8729177,0,0,0,0,0,0,0
0,0.8995328,0,0,0,0,0,0,0
0,0.8351161,0,0,0,0,0,0,0
0,0.6668324,0,0,0,0,0,0,0
0,0.3219655,0.3934834,0,0,0,0,0.4420763,0
0,0.0808655,0.3537359,0,0,0,0.03348429,0.598956,0.2458991
0,0.2212134,0.3041821,0,0,0,0.3814502,0.3038256,0.5794666
0,0.3141277,0.3235121,0,0,0,0.6068969,0.1874344,0.8853455
0,-0.01418115,0.4245683,0,0,0,0.6044998,0.08432399,0.8111865
0,0.334736,0.6357612,0,0,0.003248133,0.3309418,0.1210283,0.9731276
0,1.196516,0.7485551,0,0,0.0313596,0.1093781,0.4344777,1.085302
0,1.863257,0.8879615,0,0,0.0653185,0.09143921,0.7344618,0.9971167
0,2.076615,0.7615443,0.5457124,0.1781218,0.2261979,0.1235939,0.8038173,0.7555968
0,2.046041,0.7809648,0.9844713,0.5145645,0.3176171,0.4673011,0.7664704,0.4290719
0,1.632758,0.7059492,0.9495753,0.9183656,0.4392544,0.8480611,0.7253117,0.4491925
0,0.7317564,0.954431,0.926265,1.475641,0.6104375,1.071989,0.638034,0.2905385
0,0.2267755,1.167723,1.273351,1.949247,0.6279216,0.9712391,0.5776744,0.2410414
0,0.1842776,1.301043,1.458827,1.993579,0.5566652,0.9342769,0.7591841,0.607657
0,0.2446915,1.288883,1.198337,1.876448,0.5054186,0.7942077,0.8925621,0.7697542
0,0.1529031,1.15968,0.9852899,2.135506,0.4901982,0.8650387,0.8850029,1.210574
0,0.08565538,0.8256841,0.5675874,2.239639,0.4924804,0.9464234,1.032907,1.129333
0,0.3389474,0.5477749,0.223319,2.225841,0.7162457,0.7532644,0.7400578,1.465607
0,0.4572083,0.5903612,0.01699638,2.559585,0.7848011,0.6736645,0.4709128,1.719602
0,0.4411498,0.537966,0.1219719,2.341808,0.8416942,0.586728,0.2895062,1.488549
0,0.3764174,0.5762151,0.4688025,1.936903,0.8572426,0.6541291,0.1988266,1.301746
0,0.3369881,0.3919514,0.8657314,1.170766,0.7842962,0.7171092,0.2763045,0.9893628
0,0.2597827,0.2491539,1.020014,1.025088,0.687958,0.9366689,0.610433,1.15683
0,0.1097496,0.09193392,0.8740626,1.08638,0.666236,0.9964733,0.8900557,1.115594
0,0.3432443,0.02585534,0.8375662,0.8381692,0.652189,0.9021761,0.9796474,1.091258
0.2588824,0.4336949,0.3358631,1.080628,0.9998426,0.6233087,0.8162444,1.058848,1.3103
3.151757,0.416596,0.8770691,0.9234723,1.189167,0.7107666,0.6727931,1.094872,1.608755
2.387134,0.261435,1.08602,0.916455,1.67097,0.8640008,0.5625461,1.173043,1.40605
2.279542,0.3446707,1.060424,0.8795142,1.768146,1.04927,0.6800243,1.223911,0.7550848
2.26863,0.3811182,0.9586723,0.917521,2.075816,1.272664,0.6296167,1.327389,0.5597337
2.440574,0.3294013,0.7109178,0.7499043,2.383011,1.249486,0.5791778,1.314348,0.4371966
2.069977,0.2766699,0.4992015,0.8338743,2.250009,1.10285,0.5998342,1.356376,0.3776093
1.592453,0.4557195,0.546666,0.9510022,2.154,1.006902,0.6888903,1.354667,0.4007961
1.446102,0.5395402,0.787065,0.6831608,1.666079,0.958954,0.7963833,1.218818,0.72097
1.122415,0.499006,0.7577114,0.5693399,1.386886,1.041096,0.990008,1.046358,0.8785833
0.8626081,0.6171718,0.903532,0.2603192,1.091883,1.177288,1.331502,1.002689,0.7288264
1.286999,0.681329,0.9675784,0.1890586,1.099636,1.351395,1.350422,1.053187,0.6621712
0.6684486,0.6104993,0.8410137,0.03184744,1.325417,1.212254,1.412659,0.9080813,0.8631377
0.1376522,0.5433564,0.6565849,0.2906299,1.770746,1.116393,1.19535,0.9402544,1.217172
1.172998,0.5764437,0.4557242,0.285103,2.261373,1.22315,1.19879,1.063012,1.581031
2.166949,0.5659685,0.3291655,0.3206423,1.986571,1.296831,1.36459,1.153524,1.644853
1.992261,0.4139508,0.3345033,0.5823367,1.869989,1.453758,1.469444,1.382784,1.65813
2.529883,0.2553161,0.8019553,0.77426,1.656132,1.456974,1.796176,1.738344,1.525915
2.84238,0.1252643,1.225066,0.8035157,1.701877,1.432946,2.053476,2.124963,1.011021
2.471285,0.07108475,1.812704,0.8696311,1.469537,1.342136,2.232739,2.240027,0.6884686
2.320466,0.1286056,1.996189,1.220261,1.450132,1.336048,2.036315,2.362537,0.6778682
2.064981,0.2577617,2.081056,1.511932,1.71772,1.521345,2.012747,2.466478,0.9390711
1.102978,0.3143705,1.885477,1.666007,1.713549,1.675962,2.127891,2.447355,1.551997
0.5344045,0.3729533,1.729033,2.183337,2.248565,1.87452,2.136534,2.468924,1.9807
0.2519679,0.5866,1.739519,2.360126,2.310209,2.015242,2.217823,2.581906,2.206878
0.4329904,0.6440285,1.72609,2.136436,2.617492,2.188754,2.521643,2.778685,2.068273
0.375576,0.675777,1.761233,2.223808,2.477122,2.365535,2.779664,2.87437,2.0042
0.7575169,0.6841069,1.631012,2.130352,2.544031,2.464098,2.703031,2.874544,1.889051
0.7737603,0.7440972,2.051897,2.238492,2.677359,2.749919,2.985644,2.935119,1.769652
0.2694563,0.7537494,2.385763,2.46994,2.878668,2.784973,3.573392,3.149047,2.073619
0.03056533,0.750596,2.543782,2.907168,3.112217,3.039727,3.965262,3.31293,2.694301
0.3578767,0.8671926,2.960624,3.283762,3.183546,3.416569,4.096569,3.547682,3.191541
0.7033559,1.273671,3.550785,3.425666,3.524103,3.856966,4.329758,3.918219,3.743749
1.579044,1.668263,3.845411,3.489978,3.804291,4.111732,4.619909,4.228376,4.284666
2.32071,2.225626,3.919677,3.367621,4.209165,4.307004,4.646342,4.774069,4.580282
2.950224,2.617216,4.438787,3.597536,4.833527,4.707576,5.214967,5.480511,4.902369
3.464483,2.88011,5.06899,3.878305,5.0338,4.932482,6.187178,6.978575,5.406927
4.557166,3.536909,5.581778,4.031841,5.306861,5.642653,7.419688,8.70962,6.48019
5.717152,4.469292,6.537756,4.44228,5.956017,6.718374,9.133646,10.73104,7.268832
7.287486,5.619192,8.012651,5.112385,6.805008,8.313475,11.26508,13.12696,8.669954
10.4692,7.056146,9.843409,5.817715,8.065251,10.47618,14.05695,16.3411,10.30821
14.7602,9.341777,12.31566,6.690387,9.620286,13.44112,17.58465,20.8324,13.09682
20.55191,11.87533,16.07441,8.584686,11.79605,17.30345,21.84508,26.15861,16.6895
27.7206,16.10954,21.15696,11.02971,14.51844,22.24322,27.92266,33.32155,21.48436
36.07933,22.062,27.29768,14.22114,18.74702,28.06946,35.60005,43.08286,28.3794
45.71934,29.46878,35.21947,18.83132,24.67032,35.38529,45.94297,54.60296,36.99213
56.66132,38.35324,44.65923,24.82921,32.06014,45.67481,58.60473,68.96092,47.90786
71.44839,49.5735,56.34354,32.39174,42.21146,58.65309,73.70877,86.55722,62.78609
88.85204,64.85374,71.71242,43.1382,55.10794,74.61836,92.3534,106.5696,80.24316
110.6609,82.61234,90.91488,57.36201,72.00813,94.2583,114.8476,130.9205,102.0362
135.5279,105.0994,115.3967,75.99103,93.75121,118.0215,141.7816,157.9462,128.4848
165.5821,132.6902,144.3106,98.96644,120.6132,144.9391,173.2565,189.6034,161.1952
198.5816,164.2527,176.8826,126.335,153.5708,177.9227,210.2709,227.4695,198.8786
235.9957,202.3108,215.3835,160.1946,190.9909,214.1586,251.5898,269.8293,241.1808
279.4512,246.6753,257.9415,200.6705,237.391,255.0785,297.2636,318.332,289.9815
328.4946,297.9369,307.5143,248.6897,290.3545,300.8911,349.5062,372.9007,343.6003
382.4092,356.3642,363.9711,306.8958,347.2293,353.8537,406.0977,433.5154,402.4838
441.3119,424.0488,426.3819,370.1262,411.8479,414.9131,469.3375,497.1779,467.5128
505.0765,501.1526,492.4371,439.3757,484.0602,482.2613,537.0245,565.0251,538.8395
571.6174,585.2293,565.0183,515.9,565.6775,556.1252,610.3865,637.1791,616.0487
638.367,675.1474,644.1923,601.1748,652.1017,629.7104,687.541,712.6437,694.8813
706.1789,769.2355,729.9874,697.2099,746.0414,707.3792,767.7632,790.2117,775.9067
767.7487,868.5295,818.1625,801.1302,845.3337,786.1667,852.2723,872.6032,859.1959
829.1092,969.7476,907.4142,908.2352,943.843,869.9071,936.4432,951.0187,943.8647
892.0231,1069.542,994.2155,1011.02,1041.614,951.9867,1017.87,1024.977,1027.693
955.201,1170.718,1075.106,1112.651,1138.426,1031.758,1091.632,1095.233,1108
1021.251,1266.389,1154.636,1211.598,1229.075,1106.712,1159.147,1157.989,1180.848
1080.399,1354.961,1223.465,1300.551,1312.952,1175.447,1219.331,1218.443,1244.731
1130.524,1433.584,1289.201,1387.849,1391.387,1239.322,1275.458,1268.106,1300.253
1173.049,1505.746,1348.15,1471.266,1462.459,1296.761,1324.698,1314.846,1346.183
1210.134,1565.929,1392.839,1540.579,1516.371,1346.558,1363.627,1348.728,1382.422
1241.454,1611.845,1428.458,1599.717,1558.726,1387.674,1394.245,1376.285,1408.698
1266.141,1644.271,1451.7,1644.447,1586.045,1417.737,1412.935,1394.059,1428.412
1281.336,1658.757,1465.721,1671.404,1601.833,1433.994,1419.41,1400.024,1430.746
1280.326,1655.961,1463.443,1675.4,1604.807,1440.351,1416.156,1397.943,1424.38
1272.266,1641.077,1456.116,1668.472,1599.555,1437.953,1406.447,1382.071,1401.965
1257.952,1614.424,1436.768,1648.367,1572.161,1422.032,1388.534,1360.953,1371.013
1235.567,1578.084,1399.286,1618.664,1531.864,1397.619,1360.751,1329.367,1328.986
1208.294,1530.092,1353.797,1575.578,1482.303,1363.436,1325.561,1293.32,1281.756
1170.759,1471.537,1301.389,1520.529,1414.254,1322.119,1282.287,1249.841,1235.6
1125.518,1403.644,1241.57,1454.668,1343.954,1274.205,1232.32,1200.148,1184.602
1073.425,1325.195,1179.998,1376.499,1272.06,1219.715,1173.748,1144.999,1128.51
1021.996,1244.509,1117.628,1293.217,1197.737,1158.21,1113.481,1084.214,1059.021
968.6837,1165.598,1046.999,1202.92,1116.588,1096.923,1048.459,1022.805,985.9195
913.2307,1072.281,970.749,1116.802,1037.684,1029.69,983.268,953.8044,913.5755
857.4514,981.8904,898.0448,1026.006,959.0271,957.7073,917.1988,885.2047,839.625
801.203,897.4253,825.4341,933.2245,875.5999,885.9882,848.6606,815.4559,770.7298
748.843,812.0115,751.5171,849.4656,791.4826,813.1765,781.8268,747.3871,700.1459
694.7668,734.4525,680.9238,769.2736,712.29,741.4719,714.0265,679.4287,631.9352
642.0506,664.9109,616.9183,691.4492,637.4725,672.2738,647.5803,613.6834,564.1871
588.9643,603.0751,551.5145,617.8735,568.2515,608.8883,583.7278,548.9094,501.3338
538.4634,536.6027,491.3119,553.1198,504.9994,545.916,523.942,486.0825,445.4323
490.0274,477.5828,437.3603,491.4061,450.7382,488.0511,468.9389,427.7644,393.3387
445.5099,425.7204,391.4152,433.3477,403.0395,430.88,416.1152,371.7532,348.5845
404.3232,376.9071,347.4846,383.9337,358.9194,376.0984,370.3019,322.1945,307.1441
365.8541,335.792,307.6639,339.7972,319.4708,331.1314,327.3277,278.8339,269.4525
331.0037,300.8605,276.148,300.7303,285.7182,291.9187,289.8744,240.7955,236.9825
299.7623,271.3821,245.4219,266.3864,254.4449,259.2552,258.3848,209.4972,206.8148
271.8374,245.2098,217.5239,236.7343,227.7223,229.0963,230.1559,183.8744,180.5283
246.0463,221.7472,194.5436,212.306,204.9716,203.8014,205.7968,161.73,159.0444
223.5635,199.9787,173.9718,191.8381,185.127,178.5184,184.7161,142.378,139.7613
203.6986,180.5687,155.6587,174.121,167.6116,157.1827,165.9438,126.2898,123.3654
186.4883,163.5546,138.89,157.9138,151.6359,138.8114,149.5859,113.0064,109.8735
171.518,148.6704,124.7474,143.6466,138.9441,123.3624,135.2619,101.1966,98.37759
157.4528,136.0093,112.7434,130.8839,127.5019,110.3663,123.0535,90.61312,87.66776
145.3089,125.0646,102.7546,119.4348,117.3653,98.91593,112.9824,81.71397,77.93075
134.3732,116.2572,94.26495,109.6728,108.021,89.1127,104.096,73.95499,69.67403
123.732,108.167,87.18581,100.9236,99.70333,80.96158,96.01594,66.77272,61.90893
113.7317,100.8283,80.13831,93.24339,91.53327,73.51947,88.40746,60.20418,55.61258
105.3761,93.72491,73.9835,86.04466,84.36053,66.90214,81.0797,54.48448,50.60859
97.85726,87.09857,68.36143,79.50986,77.96156,60.81187,74.06734,49.7423,46.90783
91.32284,81.02014,63.59293,74.34536,72.56378,55.84893,67.40381,45.24392,43.10941
84.79733,74.61437,58.67662,69.58734,67.90594,50.82072,61.5839,41.61321,39.58022
79.00802,69.26044,54.10735,64.82058,63.95244,46.31011,56.56685,38.18801,36.84456
72.58146,65.92359,50.41131,60.34954,60.69505,42.4575,52.35407,34.93211,34.42201
66.92933,62.61578,47.01072,56.65348,57.34097,39.44651,48.72923,31.79304,32.22506
62.18938,59.34315,43.87097,53.67607,54.12231,36.61251,45.35882,29.29163,30.08643
57.81656,56.08374,41.04227,50.8532,50.68396,34.15871,42.2435,27.60229,27.86262
52.90334,53.32001,38.67015,48.64772,47.72261,31.84274,39.31521,26.19762,25.5413
48.31885,50.44459,35.65761,46.59219,45.3081,29.7042,36.53761,24.92013,23.3932
44.98468,47.60246,33.1161,44.19977,43.36133,27.9938,34.39777,23.77318,21.29202
41.9765,45.46416,31.43651,41.58109,41.72453,26.5707,32.78642,22.91777,19.74559
39.63171,43.68765,29.81351,39.49697,39.73407,25.69349,31.57261,21.90042,18.37707
37.61033,41.44579,28.42921,37.71174,37.49656,24.55413,30.03412,20.65328,17.10209
34.72872,39.30442,27.15967,35.61957,35.94009,23.56123,28.43632,19.15361,15.89485
30.96472,37.33433,26.33202,34.47453,34.20218,22.37845,26.80113,17.72907,14.65902
27.20804,36.06722,25.5612,33.2034,32.99089,21.36287,25.53827,16.56151,13.59125
25.13426,34.48615,24.69732,32.06162,31.89821,20.4855,24.49379,15.64748,12.16718
23.24246,33.15993,24.21726,30.94526,31.05964,19.82149,23.46094,14.9286,11.16406
21.8576,31.94111,23.43468,29.74029,30.39578,19.19547,22.81306,14.21459,10.45415
20.93119,30.96181,22.58696,27.57238,29.62684,18.34449,22.06301,13.40766,9.985949
19.01236,29.76854,21.49224,26.04839,28.52505,17.95525,21.2747,12.403,10.10771
17.18057,28.65491,20.58243,25.10542,27.10591,17.48258,20.52533,11.55245,10.24257
15.31245,28.00519,19.93674,24.3555,25.48132,16.8298,19.65771,10.89975,10.19846
14.65904,26.94385,19.20966,23.70526,24.39559,16.2507,18.79824,10.35266,9.821302
13.92833,26.03226,18.85602,23.64718,23.8443,15.58721,18.03541,9.887085,9.12562
13.17121,25.22579,18.70212,23.28592,23.5459,14.97911,17.38783,9.533144,8.371839
12.97635,24.5264,18.51268,22.42566,23.43013,14.18007,16.91932,9.070878,7.564413
12.65219,23.71762,18.09453,21.39878,23.07137,13.88327,16.72784,8.779502,7.007965
11.46729,23.28755,17.73051,20.16913,22.57522,13.62151,16.32498,8.567149,6.685205
9.940373,22.7028,17.65373,19.04433,21.35576,13.23416,15.85441,8.398756,6.208821
9.435465,21.89337,17.62241,17.71112,20.46287,13.09457,15.42149,8.08775,6.141888
8.393463,20.8911,17.62408,16.99236,19.95323,12.67975,14.89865,7.64643,5.817792
7.730239,20.52381,17.55822,16.65177,19.00321,12.22199,14.40817,7.12972,5.079817
7.354624,19.72644,17.40096,16.1791,18.39697,11.73601,13.81666,6.706733,4.666972
6.591222,18.92586,17.15953,15.82969,18.10967,11.62764,13.45437,6.353935,4.445385
5.569711,18.48539,16.97146,15.25794,17.90099,11.31528,12.86027,6.175191,4.106051
5.134919,17.80303,16.80827,14.91788,17.4581,11.10421,12.12368,5.913304,3.730422
5.305371,17.64605,17.0169,14.06331,17.05621,10.90451,11.36528,5.639866,3.509954
5.255159,17.04205,17.08841,13.64067,16.39515,10.756,10.52563,5.306525,3.130025
4.918664,16.72084,16.93229,13.11753,15.21087,10.60326,10.12472,4.868183,2.457424
4.298412,16.15901,16.60143,12.16969,14.55382,10.15008,9.813538,4.683409,2.169263
3.44312,15.50298,16.13897,11.52058,14.41325,9.919101,9.783254,4.551511,2.624302
2.644036,15.23102,15.60827,11.32514,14.45292,9.501174,9.788967,4.969172,3.083131
2.759389,15.22379,14.9709,11.4107,14.73262,9.477171,9.688134,4.923503,3.153714
2.854925,15.38427,14.84511,11.53239,14.87493,9.410851,9.499158,4.814806,2.781141
3.334495,15.4796,14.67218,11.75248,14.43276,9.347661,9.1898,4.286217,2.271738
3.875963,15.36429,14.36957,11.83748,13.68608,9.205877,8.811893,3.644744,1.773105
4.317096,14.98201,14.24269,11.2032,13.22988,8.65774,8.331279,3.482942,1.726747
4.105534,14.65736,14.2078,10.70331,13.00853,8.241138,7.884913,3.229372,2.254972
4.037054,13.93738,13.86012,10.30885,12.90516,7.553222,7.433665,3.177649,2.581483
4.729577,13.07792,13.42699,9.731879,12.69596,7.357638,6.997532,2.888039,2.624656
5.035861,12.60792,13.21462,9.356406,12.05681,7.432431,6.928831,2.84371,2.1596
6.082286,12.69681,13.10837,8.58427,11.50027,7.432863,6.680543,2.490729,1.832462
7.887532,12.82993,12.6882,8.039747,10.59004,7.195588,6.435336,2.598048,1.359456
11.35135,12.59502,12.40294,7.606301,10.22317,6.765894,6.155266,2.726629,1.455166
15.99144,12.31435,12.2994,7.42133,9.843772,6.239259,6.093742,2.885482,1.484383
22.2206,11.80114,12.17353,7.342038,9.67199,5.808598,6.048401,2.451075,1.533154
30.32913,11.58495,12.09135,7.303799,9.541772,5.670987,5.923671,2.401914,1.40119
41.5482,11.87398,12.10038,7.532133,9.36395,5.81246,6.160095,2.658993,1.593056
57.39781,11.97957,12.18089,7.360468,9.274932,6.155008,6.121672,2.763882,1.425335
81.61704,11.84432,12.14612,7.04787,8.97149,6.264531,6.040265,2.811772,1.388794
113.3038,11.14804,11.99074,6.958636,8.352234,6.338369,5.827197,2.554982,1.326039
154.787,10.20909,12.01425,6.491842,7.745687,6.252947,5.632042,2.567758,1.200653
206.4607,9.669363,12.07242,5.69286,6.897255,6.165129,5.21416,2.16445,1.134695
275.0725,9.76756,12.17149,5.324745,6.575029,5.822458,4.975555,2.03632,1.434473
355.8177,9.622597,12.27757,4.856368,6.732178,5.516903,5.110593,2.115065,1.70207
450.0416,9.373666,12.14137,4.959962,7.276381,5.225287,5.182814,2.107008,1.644257
554.0459,9.367073,12.13149,4.909233,7.287204,4.737727,5.330618,2.008807,1.396365
660.5037,8.870136,11.873,5.277607,6.845446,4.589267,5.258759,1.797989,1.158323
763.2296,8.695421,11.86526,5.570925,6.410205,4.629873,5.097811,1.933879,0.8553918
864.2911,8.435596,11.63909,5.674922,6.069269,4.422817,4.711716,2.02365,0.9925749
956.8799,8.373828,11.15387,5.711885,5.889204,4.302528,4.409657,2.023633,1.441983
1031.898,8.868592,10.71182,4.933684,6.098206,4.271839,4.364505,2.024722,1.311421
1080.723,9.636742,10.03042,4.840307,6.364721,4.214744,4.405504,1.842759,1.626438
1106.195,9.995708,9.610657,4.604634,6.012732,3.943894,4.528236,1.543502,1.529952
1100.111,10.09491,9.197334,4.50486,5.482588,4.15379,4.415832,1.325923,1.424659
1062.296,10.0695,9.113512,4.484528,4.955872,4.251418,4.221123,1.436185,1.379016
996.517,9.73731,9.100331,4.462147,4.792724,4.03548,4.114121,1.542228,1.521602
906.713,9.337746,8.740139,4.293631,4.929052,3.931059,4.139743,1.666348,1.521903
795.9549,9.280385,8.270533,4.163776,5.203665,3.783376,3.99924,1.603444,1.557652
674.9606,9.305516,7.624716,4.18881,5.339848,3.68462,4.079677,1.558294,1.789678
556.9944,8.761563,7.32434,4.258328,5.20366,3.404129,3.995405,1.505193,1.657989
446.693,8.352932,7.269258,4.110585,4.983108,3.581333,3.730645,1.707344,1.075477
346.702,8.434478,7.273841,3.941579,4.087169,3.432476,3.576525,2.069847,0.6414974
265.6448,8.610556,7.345196,3.248477,3.418656,3.217446,3.539516,2.195145,0.5081217
200.2237,8.794407,7.147518,2.709552,2.933746,3.172639,3.564209,1.966418,0.3973373
151.4004,8.710376,6.647004,2.407492,2.525261,3.020326,3.358418,1.767137,0.8863372
115.7418,8.770083,6.19442,2.119053,2.225311,2.965705,3.415207,1.459383,1.0833
91.86302,8.35386,5.899542,2.222514,2.551658,2.884687,3.348351,1.315787,0.8807477
74.3667,7.849055,5.797266,2.542904,2.773107,2.847794,3.21013,1.656277,0.8915017
63.74794,8.067935,5.730187,2.906528,2.658116,2.604239,3.396286,1.834538,0.8834844
56.24147,7.838733,5.457479,2.904098,3.137042,2.33631,3.506433,1.913755,0.8844103
51.03796,7.606782,5.364682,2.983469,3.472903,2.326611,3.584313,1.699442,1.08566
47.55177,7.513865,5.097465,2.899497,3.390416,2.342703,3.589232,1.752987,1.417422
45.53395,7.457275,4.960684,2.604995,3.272782,2.571416,3.603237,1.65594,1.474729
43.0823,7.192347,5.136409,2.024141,3.14094,2.568373,3.518187,1.602106,1.097426
40.84527,6.815625,5.36059,1.49391,3.235044,2.550054,3.382099,1.96361,1.050669
38.59587,7.118066,5.489844,0.7227001,3.410291,2.255863,3.361492,1.990741,1.117011
35.47518,6.692438,5.227932,0.2520533,3.605787,1.789379,3.390292,1.888166,1.196261
32.35783,6.506915,5.15743,0.3127922,3.535248,1.547479,3.378413,1.616871,1.716763
30.04989,6.40658,4.81576,0.8037076,3.151355,1.421692,3.328117,1.511266,2.162618
28.54156,6.083368,4.643572,1.414944,2.970795,1.467382,3.059087,1.432561,2.368455
26.50611,5.810738,4.669637,1.600062,2.83114,1.571062,2.937228,1.462834,2.192673
24.06463,5.7162,4.614208,1.89747,2.653802,1.709893,2.972727,1.507686,1.845127
21.99702,5.916194,4.330719,1.886706,2.489138,1.866841,2.79212,1.329171,1.710608
19.40947,6.039512,3.9951,1.517944,2.324892,1.818107,2.544856,1.000969,1.632019
17.40509,6.009341,3.584433,1.244236,2.355801,1.72653,2.337012,0.6280823,1.673637
16.03198,5.846406,3.132449,1.059624,2.087241,1.649209,2.331697,0.5436774,1.603711
14.0304,5.597469,3.014575,0.9805928,2.039196,1.481619,2.010836,0.6236847,1.765927
11.71171,5.314183,3.032434,0.8335469,1.923213,1.477747,1.924449,0.7030042,2.273488
8.973277,5.12126,2.954885,1.348141,1.74384,1.586758,2.249085,0.7719147,2.227102
8.082124,5.033805,2.890096,1.928325,1.746743,1.751823,2.431204,0.7592208,2.395833
7.086301,5.108924,3.043846,2.143184,1.913748,1.914471,2.419423,0.6396586,2.346995
6.950706,5.183011,3.178584,2.452797,2.459013,1.79475,2.341861,0.6857857,1.978035
6.185293,5.212802,3.246717,2.878918,2.474085,1.619297,2.414544,0.7164388,1.633419
5.594789,4.704248,3.238969,2.272789,2.521494,1.381619,2.495566,0.9514549,1.123131
4.762113,4.083422,2.988316,1.239656,2.009045,1.269562,2.349536,0.8921669,1.398766
3.76668,3.702012,2.754891,0.8850227,2.030548,1.141718,2.615103,0.8052526,1.769199
3.342154,3.461725,2.563809,0.3460917,2.067365,1.044264,2.561176,0.5334861,2.011868
2.51744,3.032971,2.400692,0.181668,2.348966,0.9776996,2.537777,0.6078469,2.427979
2.046295,3.288948,2.459658,1.044371,2.877159,1.06076,2.614208,0.6254088,2.784746
1.104227,3.403596,2.552988,2.309954,3.087088,1.045811,2.548377,0.5875033,2.274052
1.051628,3.172254,2.498601,2.81484,2.90192,1.081084,2.589834,0.7509208,1.421998
1.317783,2.834438,2.272463,2.570928,2.602757,1.034847,2.484021,0.8031392,0.4716065
1.211333,3.115949,2.247331,2.455301,2.423612,0.8733385,2.437131,0.832585,0.583682
1.406448,3.311507,2.239346,1.826219,2.721738,0.7447209,2.281805,0.9534777,0.5089679
1.798693,3.093225,2.016951,1.67795,2.92216,0.4404087,2.218807,1.19686,0.2524594
1.587986,3.301943,1.833355,1.634149,2.915796,0.6446393,2.198658,1.124266,0.4516675
1.503236,2.948006,1.737183,1.41521,3.029429,0.4981169,2.170293,0.9014683,0.415764
1.40524,2.866599,1.787627,0.912131,2.650033,0.4375452,2.116635,0.5902969,0.5552118
0.8484548,2.47286,1.814186,0.3108112,2.538011,0.5872524,2.192917,0.2456898,1.076739
0.02696943,2.1621,1.748874,0.3045082,2.59656,0.885025,2.259578,0.01883359,1.532874
0.04547786,1.633825,1.928444,0.5153499,2.913497,0.921437,2.430405,0.1514285,1.372837
0,1.482112,1.893531,1.351299,3.335342,0.8111852,2.41506,0.4218772,0.8518333
0,1.394627,1.696649,1.780786,2.897657,0.8120105,2.111126,0.7869756,0.3689239
0.008528131,1.427536,1.711472,1.89528,2.779781,0.6453453,2.104617,0.9892512,0.1543352
0.3783427,1.898002,1.67159,1.457799,2.592963,0.493245,1.960042,0.8806342,0.07366198
0.7357793,1.932712,1.502588,0.8961927,2.479187,0.8636274,1.929685,0.8602794,0.3810085
0.6607769,1.770051,1.196161,0.428078,2.540271,1.22772,1.973179,0.8119063,0.6025267
0.3031012,1.397704,1.222273,0.6088421,2.285494,1.238042,1.935771,0.8691033,0.3599352
0.1531904,1.001812,1.360215,0.7465132,2.317543,1.305488,1.949092,1.121017,0.6717221
0.07519477,0.9176332,1.413536,0.8958172,2.319846,1.134616,2.039999,1.272747,0.3678535
0.5104658,0.8764202,1.685616,0.6291258,2.38541,0.9640839,2.000249,1.232857,0.381878
0.6017055,1.18945,1.70181,0.3455564,2.525283,0.6800886,1.79172,1.095249,0.4469486
0.62137,1.057697,1.614882,0.1321039,2.636919,0.4626174,1.635067,0.7885925,0.003426952
0.3541838,1.006593,1.312626,0.4180942,2.670238,0.09053154,1.419338,0.6378356,0.05735603
0.8905603,0.7166741,1.150158,1.054536,2.449453,0.01980841,1.099757,0.5109913,0.09315933
1.967771,0.407702,1.132647,1.441142,2.062332,0.2140823,0.8929102,0.6411516,0.3662909
4.152741,0.821978,0.9985926,1.499407,2.136096,0.1677887,0.6407852,0.8057254,0.4071291
5.755696,1.119172,1.191461,1.224973,2.317237,0.4656918,0.4510521,1.038595,0.7593796
7.653821,1.210279,1.254477,1.092155,2.323687,0.6534621,0.3580896,1.179336,1.137997
10.48581,1.063451,1.227842,0.6042461,2.452023,0.866686,0.6174494,1.068038,1.08762
15.20991,0.8718965,0.8847998,0.2934431,2.223854,1.028648,0.9500552,0.7845991,1.120678
24.29355,0.4537297,0.6332678,0.2798824,2.127106,1.161057,1.106756,0.4906375,1.132871
38.313,0.1989527,0.594582,0.4122224,1.538661,1.075361,1.151596,0.3772209,1.128298
63.13152,0.1100551,0.5889099,0.5146318,1.679372,0.7253237,1.050799,0.3459262,1.272858
98.8876,0.3891894,0.7043508,0.7886825,1.836114,0.8022969,0.7324747,0.5459373,1.059565
155.0649,0.4320613,1.016126,1.186705,1.852443,0.6772588,0.7160419,0.6315345,1.054163
239.5874,0.4212283,1.193695,1.15661,2.283702,0.687211,0.8107427,0.7430782,0.9801554
358.0933,0.408018,1.153138,0.7899179,2.524371,1.003936,0.8983206,0.4147984,0.7993735
508.699,0.1944624,1.034109,0.4959481,2.573575,1.139617,0.9382426,0.09375621,0.7633883
674.1353,0.1515283,0.9810043,0.247082,1.949224,1.253167,0.8654824,0.08967526,0.3810065
856.5067,0.0472845,0.9577737,0.2024716,1.389477,1.174981,0.7817159,0.01103387,0.2502331
1040.548,0.1025898,0.8979813,0.1038381,0.972378,1.284074,0.5586304,0.2957263,0.01200306
1203.43,0.1497894,0.9586236,0.1724725,0.6931707,1.210597,0.7205489,0.7118072,0.6422961
1332.576,0.07931371,0.8742092,0.3537399,0.855402,1.079303,0.7143404,0.9799064,1.235392
1403.335,0.1868981,0.6821442,0.08376854,1.099156,1.066787,0.8762382,1.10221,1.478372
1403.358,0.3612656,0.610012,0.0152653,1.341496,0.6818405,0.731468,0.9996557,1.402356
1340.25,0.5061003,0.5319777,0.1405174,1.441314,0.5358154,0.839743,0.9053098,1.142747
1227.441,0.4840496,0.5546887,0.1487366,1.213792,0.6290607,0.630455,0.7197987,1.05914
1089.867,0.5378835,0.4852302,0.7566286,1.230978,0.690396,0.4257108,0.6241822,1.160395
941.1884,0.4828478,0.4754865,1.504111,1.317097,0.9590871,0.4316353,0.8392591,1.665749
795.4849,0.5391851,0.4484131,2.025099,1.446578,1.323073,0.6335279,0.7213742,1.875982
653.4949,0.5984577,0.4204356,2.082057,1.635962,1.348951,0.7950077,0.7816924,2.040304
525.0286,0.7981337,0.3852955,1.999595,1.542089,1.09269,0.9759129,0.8425057,1.6432
410.4384,0.9812285,0.4529982,1.481709,1.662724,0.8878676,1.177867,0.7761686,1.362659
309.8818,0.8034316,0.4132559,0.9400851,1.610662,0.7147934,1.198525,0.7313926,1.078242
233.8028,0.7359251,0.3948283,1.135226,1.698571,0.3667626,1.05713,0.7588756,1.182556
178.8429,0.4756786,0.4731426,1.096193,1.484447,0.3719915,0.7676829,1.053608,1.20158
139.7781,0.476245,0.5215915,1.159846,1.427472,0.5491679,0.8991337,1.171276,1.229987
112.5669,0.4634804,0.4587844,1.157506,1.118486,0.5901049,0.8453183,0.9802978,0.8910005
92.67191,0.4455146,0.3756029,0.7207434,0.8564212,0.7933697,1.029692,0.9574574,0.7587722
76.92639,0.4644855,0.3832279,0.5983886,0.9336117,0.8645245,1.12842,0.578065,0.5830722
64.35856,0.5757148,0.2343536,0.4783455,1.090781,0.8665295,1.276967,0.2692119,0.4187638
54.64034,0.7192333,0.2434297,0.6718224,1.109506,0.8073879,1.317794,0.2952312,0.5727085
47.71083,0.6275266,0.2771785,0.7104034,0.973921,0.9973211,0.9490423,0.5671996,1.180227
41.61587,0.5173064,0.1266532,1.179066,0.8555272,1.157297,0.6846637,0.7708247,1.394286
37.00911,0.5049775,0.01821291,1.679146,0.704022,1.092317,0.8434836,0.5651358,1.379864
33.60212,0.5919874,0.1078045,1.950756,0.5875238,0.9230332,0.9407653,0.5314134,1.482952
31.29087,0.4239017,0.188557,2.57873,0.747174,0.6558722,1.118455,0.4086323,1.299917
28.29332,0.4951043,0.1701658,2.770858,0.8745643,0.2504311,1.153551,0.4007564,0.6257951
25.92593,0.8130054,0.1839935,2.746419,1.316549,0.1628909,1.0533,0.5641273,0.4917022
23.71667,0.8571893,0.393547,2.572561,1.945017,0.2961611,1.023372,0.7324823,0.5635846
20.94135,0.6921787,0.6300828,2.39308,2.320714,0.7278596,0.5979363,0.9277483,0.5845128
18.84369,0.5138596,0.7123604,2.166218,2.347688,1.041352,0.6630392,0.7808778,0.5836634
16.51134,0.4768145,0.7159004,2.055808,2.279933,1.258051,0.7029807,0.7148019,0.8714005
13.11796,0.2147024,0.729953,1.53272,1.931885,1.404335,0.773587,0.8322725,1.188806
9.823904,0.02040229,0.496981,1.187633,1.394995,1.309807,0.5911719,0.8639796,1.301462
8.270146,0.3094117,0.1640942,1.150834,1.121378,1.208903,0.3784297,0.9686458,1.572315
6.773168,0.3985882,0.0140169,0.7538067,1.251515,0.9033716,0.5659304,0.9882427,1.54071
5.323789,0.4857405,0.1317112,0.6872634,0.71097,0.8608073,0.5622931,0.9452304,1.790231
4.236238,0.5352678,0.1208026,1.045588,0.5143988,0.8395343,0.6046511,0.8328546,1.476556
3.312989,0.4600495,0.1629086,1.470469,0.4265213,0.9741126,0.8119385,0.5681299,1.227431
1.97845,0.3309279,0.2454046,1.493064,0.5492375,0.94516,0.8918432,0.5082783,1.220225
1.495029,0.3050474,0.4065967,1.637042,0.6324401,1.002477,0.7484525,0.5388182,0.7951247
1.8524,0.3972725,0.5260128,1.467281,0.7659704,0.7815024,0.5803545,0.786239,0.6185098
2.785835,0.2732062,0.4044699,0.8663543,0.8827145,0.5738447,0.4256145,0.8433202,0.2693694
3.546025,0.2740613,0.2522291,0.5177582,0.6043528,0.5164567,0.6620054,0.9326399,0.482095
3.609609,0.2141926,0.07645395,0.9421304,0.3476261,0.8090731,0.6486626,0.9555656,0.571384
4.260798,0.1905961,0.04556645,1.55128,0.02688576,1.1073,0.8114436,0.7901573,0.5825004
3.210544,0.08747693,0.1224908,2.230201,0.1499885,1.078628,0.9497383,0.7686334,0.7272555
2.841228,0.1872107,0.4517655,2.891072,0.397042,1.302611,0.9935876,0.7222106,0.7647755
2.910125,0.2057956,0.6507904,3.005017,0.7679337,1.043515,1.16853,0.8645745,0.4834002
3.542055,0.2053607,0.561372,2.71339,1.39487,0.972865,1.100886,0.7323071,0
2.684864,0.2500412,0.3711957,2.383977,1.683045,0.8980091,1.071097,0.8350273,0.01470038
2.182441,0.2174059,0.09514382,2.432849,1.73069,0.9832193,1.03712,0.771646,0.3171352
2.157324,0.2195637,0.09468864,1.884794,1.380721,0.8544254,0.9711279,0.7709743,0.7279923
2.095801,0.1200497,0.2897536,0.9091835,1.138156,0.7543166,0.8991259,0.7150462,0.5963811
3.892096,0.02057894,0.5378245,0.2682067,0.9847049,1.010061,0.7203839,0.8675609,0.7694366
4.321333,0.1311369,0.685258,0.03110557,0.8896873,0.964241,0.6700786,1.045736,1.29342
4.743145,0.2594655,0.6688434,0,1.235211,1.085246,0.6205034,1.177458,1.110526
4.615432,0.3642851,0.6100994,0.108619,1.694281,1.329728,0.3993602,1.432557,1.742036
4.786418,0.5874183,0.4792759,0.6596457,2.092984,1.183763,0.624795,1.40193,1.693947
5.024575,0.748512,0.5463197,0.8764566,2.243236,0.8995945,0.5548353,1.361583,1.775601
5.795376,0.7059884,0.6650355,1.065896,2.079684,0.7354247,0.5035962,1.167053,1.678575
7.359511,0.5618227,0.803311,1.20567,1.753487,0.4784339,0.3549547,1.096156,1.490197
8.536392,0.4616055,0.8333211,1.421906,1.146399,0.3326848,0.5114483,1.187314,1.630751
10.39374,0.3337944,0.7611058,1.498222,0.7847576,0.2042711,0.7700999,1.172074,1.47448
12.49841,0.1435467,0.7064117,1.555819,0.8014451,0.3922273,0.8660071,1.376186,1.594713
14.59801,0.2553565,0.5657349,1.440299,0.6524788,0.6406402,1.131457,1.467413,1.194592
16.7569,0.2976652,0.4933221,0.9051446,0.6672539,0.9490692,1.32747,1.538644,1.274532
19.67417,0.274531,0.5033914,1.043149,0.6289613,1.253358,1.361225,1.2963,1.021743
22.78531,0.2307676,0.4606726,1.206033,0.944753,1.408882,1.055467,0.9882342,0.5148994
25.86732,0.3396982,0.173791,1.220028,1.136025,1.428694,0.8573014,0.7569592,0.1586952
29.88084,0.3875261,0,1.445219,1.195667,1.04843,0.653709,0.3888161,0.117186
34.07059,0.384393,0.09930439,1.467028,1.40091,0.5993384,0.4865107,0.6546988,0.02226708
40.24644,0.3871254,0.3197032,0.9130554,1.264963,0.6190385,0.2034547,0.990142,0.09185231
56.57711,0.2883329,0.5508501,0.5535766,0.8056507,0.7238382,0.3538985,1.44432,0.3840432
99.96732,0.2160231,0.7082231,0.06428259,0.7629522,0.8350959,0.5968876,1.442737,0.07234532
185.5953,0.09388188,0.7054943,0.3340268,0.9384304,1.091366,0.5266556,1.461523,0
337.3579,0.1328658,0.4758996,0.4148162,1.262256,1.174088,0.7723258,1.489837,0
563.7971,0.2309757,0.3478424,0.8408821,1.169786,1.026058,1.028994,1.304164,0.3376669
857.8473,0.3576511,0.3402075,0.9671019,1.383206,0.7502587,1.220091,1.0946,0.1102635
1196.414,0.3570169,0.5117878,0.6049106,1.350326,0.6371623,1.023894,0.9380607,0.07092083
1506.576,0.3891764,0.489112,0.5015224,1.015229,0.8742846,1.010788,0.8881579,0.3862182
1724.089,0.4451671,0.7229576,0.220434,0.7312522,1.057484,1.048728,0.8213161,0.3590465
1812.85,0.6950696,0.8496192,0.6008658,0.5114682,1.410372,1.064089,0.8562871,0.04079248
1736.231,0.8164892,1.04068,0.7196769,0.2253314,1.34331,1.045619,1.044367,0.1387419
1555.356,0.8046652,1.191139,0.8345891,0.01219934,0.9934248,0.9020829,1.199177,0.05606052
1319.245,0.7783353,1.013895,0.750829,0.4152748,0.5398896,0.8467611,1.252088,0.1473573
1093.532,0.620714,0.8040433,0.4289022,0.9782966,0.09345215,0.7238817,1.204505,0.6244408
907.9473,0.4338978,0.7071401,0.399577,1.073047,0.3222357,0.748181,1.015728,1.417331
761.3301,0.3579467,0.7122412,0.636817,1.233275,0.5784987,0.8888626,0.8963265,1.78831
632.8445,0.6673394,0.6551366,0.5225208,0.8344,1.043741,1.023467,0.8336344,1.400279
511.0775,0.6403443,0.8189353,0.3581092,0.5078289,1.189937,0.782164,0.8766592,0.8205989
391.9848,0.5955139,0.7340785,0.04559239,0.5777165,1.02473,0.5482364,0.9856282,0.2643767
285.6815,0.5081992,0.5657778,0,0.8228266,0.8605431,0.4507936,1.221292,0
206.3894,0.574498,0.5813493,0.02287458,0.931294,0.8670362,0.5606216,1.304897,0
157.1447,0.6278683,0.7464132,0.282754,0.6424103,0.8476307,0.7053788,1.290713,0
123.0028,0.7888728,0.7174946,0.2825108,0.7597308,0.7001984,1.010765,1.368844,0
99.66931,0.8722579,0.5776143,0.2178972,0.5881068,0.7177196,1.084686,1.185766,0
83.71205,0.6937572,0.5509579,0.01643459,0.866782,0.9236524,1.180015,0.8536673,0
71.55122,0.5319608,0.5199329,0.02986432,1.143232,0.9479092,1.152454,0.6129227,0
61.46841,0.4112721,0.6077397,0.158268,1.322503,1.209942,1.135624,0.5875776,0
53.63789,0.224833,0.785023,0.461089,1.519001,1.58042,1.259277,0.6126106,0
48.00217,0.3954289,0.8132993,0.6146307,1.44414,1.263625,1.27229,0.6377838,0.07278348
43.18986,0.4253367,0.6558923,0.4701416,1.058553,0.8051245,1.31559,0.7773911,0.3508861
39.22708,0.5935562,0.6050777,0.6275631,0.9245306,0.6000444,1.433352,0.8925216,0.5078963
37.02771,0.6367058,0.4112462,0.5094213,0.9221055,0.6218233,1.580933,1.00133,0.5059238
34.99467,0.7109714,0.4883719,0.3446126,0.5767997,0.6819149,1.27851,1.178934,0.3371907
32.81627,0.6705414,0.6410465,0.3167471,0.5195798,0.9791772,0.8124689,1.16672,0.194971
31.43509,0.4469488,0.5313147,0.3331442,0.7779273,1.358048,0.5783904,1.144583,0.1964252
30.21006,0.498923,0.5530841,0.1592088,1.13036,1.382156,0.150873,0.8926135,0.1993918
29.1421,0.4553742,0.3705426,0.04721534,1.122858,1.273497,0.0259981,0.6437749,0.2946143
28.42714,0.5179333,0.4603945,0.3035405,1.383136,1.207675,0.3405415,0.3520378,0.1302373
28.72803,0.5056715,0.352883,0.4148077,1.360406,0.9532838,0.749122,0.3572492,0.3750288
29.34778,0.5527354,0.4537715,0.4254283,1.216781,0.7166645,0.7544812,0.4875509,0
30.60834,0.4873123,0.7407612,0.5361956,0.9333583,0.7148964,0.862037,0.4429843,0
32.2585,0.3655089,0.9644043,0.5489293,0.6447921,0.9441499,1.006981,0.5771817,0
33.72453,0.3749542,0.9659325,0.5478073,0.5569388,1.169277,0.9019265,0.7224249,0
35.69179,0.4027841,0.5995851,0.4738847,0.6653545,1.251527,0.799954,0.7671669,0
38.13317,0.4538671,0.4363848,0.9034922,0.7016084,1.165945,0.6138502,0.7314662,0
40.17766,0.3973324,0.2476856,0.847374,0.1293347,0.8590329,0.5082957,0.8477748,0.1053504
42.61868,0.4554096,0.152758,0.9694539,0.1805129,0.7684922,0.4259868,0.9761928,0.140798
46.80581,0.4326808,0.1094435,1.196425,0.04271539,0.6676182,0.5738873,0.943002,0.03481966
51.88498,0.4505481,0.316779,1.199348,0.05341529,0.5891842,0.6315211,0.935757,1.009476E-05
56.43817,0.3924559,0.3014445,1.256122,0.2062833,0.6614789,0.4958537,0.7676193,0.04832339
64.96409,0.3248646,0.06170312,0.9232885,0.3645626,0.7048704,0.3332188,0.576736,0.3246888
88.50138,0.3174544,0.2052654,0.6868818,0.345752,0.7719749,0.3434633,0.4322667,0.3390898
147.4116,0.2250031,0.2893453,0.2928204,0.007436019,0.970337,0.4907761,0.3224155,0.1654247
284.4095,0.2573643,0.5035373,0.09287664,0.05481771,1.107896,0.5878391,0.33305,0.1564821
524.7689,0.2660434,0.5042299,0.2683392,0.06802179,1.214084,0.807274,0.2019736,0
858.2202,0.3774052,0.3062903,0.4143076,0,1.172761,0.9032623,0.2352165,0
1266.01,0.4422214,0.2255845,0.5993829,0.08670748,0.9064448,0.4858462,0.3173631,0
1664.627,0.364293,0.03833369,0.9445302,0.1573703,0.7362623,0.1857555,0.3621984,0.0649986
1934.309,0.3439158,0.1461033,1.172766,0.02622908,0.8049445,0.2763804,0.4032874,0.2595281
2024.644,0.3222006,0.02231009,1.243269,0.1317388,0.8851076,0.4749816,0.434525,0.01197015
1909.334,0.3995838,0.2055855,1.254562,0.3536388,0.8850946,0.558719,0.4654176,0.3215831
1659.76,0.4285476,0.1449897,2.138429,0.209185,0.7841498,0.5692745,0.3355688,0
1363.391,0.4640829,0.005244535,2.560678,0.001860822,0.8599466,0.7071164,0.1863862,0
1113.131,0.4161963,0.3249778,2.378301,0,0.5428135,0.5138483,0.05574396,0.04585614
921.2756,0.372349,0.421203,2.330894,0,0.3980906,0.3507076,0,0
758.2881,0.3556963,0.4514865,2.098935,0.3065737,0.5406814,0.3749647,0,0
607.8774,0.3288881,0.3213242,1.368563,0.9356298,0.6115268,0.359058,0.04258539,0
461.6108,0.3677481,0.2703393,0.8783696,1.32743,0.7025363,0.4647167,0.07030752,0
328.4037,0.3148609,0.1828611,1.189831,1.484988,0.7551887,0.6229256,0.158302,0
232.9389,0.2216685,0.009739357,1.378889,1.300326,0.9642635,0.7213109,0.1660645,0
171.9225,0.1017568,0.1465472,1.302832,1.128194,0.9422634,0.9873514,0.04135698,0
135.5446,0.07878554,0.2052371,1.474805,0.5520263,0.83067,1.095295,0.01155777,0.07001758
111.1219,0.06476089,0.204678,1.350434,0.392745,0.9509513,0.9715709,0.00161243,0.609839
93.61108,0.08326089,0.08223356,0.9809713,0.3381771,1.064801,0.7864125,0.1393223,0.1930826
79.49522,0.1178026,0.05028469,0.6653157,0.09471827,1.299907,0.5048919,0.2344288,0
68.58897,0.1134557,0.003225977,0.6348753,0,1.183282,0.2674244,0.2574398,0
61.32854,0.1071494,0,0.4657072,0.03854652,0.9020072,0,0.2831194,0
57.33812,0.06519563,-0.00996272,0.3192371,0.1081212,0.5590132,0,0.2793678,0.08351668
55.84924,0.02425444,0.01186477,0.08693274,0,0.1540113,0.02201125,0.2354831,0.9294778
54.65956,-0.001695051,0.01849763,0.0348325,0,0.002004366,0,0.0861789,2.700627
53.13929,0.004992793,0.01246476,0,0,0.1064984,0,0,5.071237
51.23261,-0.0003586129,0.01184795,0,0,0.3232924,0.1154346,0,8.950649
50.70898,0.002813874,0.006290563,0,0,0.2336153,0.2854593,0,14.3657
51.5904,0.01297917,-0.003592322,0,0.3681179,0.0224915,0.101598,0,19.99121
51.36481,0.01269932,-0.001623682,0,2.769591,0.05251817,0,0,25.69329
52.30573,0.009066281,0.01072256,0,5.730796,0,0,0,29.33986
53.52208,0.01097237,0.01589754,0,8.831993,0.006350422,0,0,30.02545
54.49644,0.0177754,0.01734654,0,11.56604,0,0,0,28.94674
55.21217,0.01629024,0.01496604,0,14.02376,0,0,0,27.35038
57.37453,0.02180451,0.005965699,0,16.44541,0,0,0,26.46685
59.09025,0.003869454,0.001252722,0,19.17932,0,0,0,27.10577
65.22016,0.01946864,0.003339787,0,22.42871,0,0,0,30.58108
83.18151,0.007168779,0.008356488,1.834999,26.80112,0,0,0,35.17737
132.3314,0,0.008670642,4.919063,32.16928,0,0,0,39.86177
226.727,0,0.007256951,7.437962,38.9671,0,0,0,43.69724
386.477,0,0.003836922,9.374335,46.78559,0,0,0,50.03063
599.7041,0,-0.001898571,11.35161,56.01159,0,0,0,62.48768
876.6273,0,0.001198806,15.44145,69.89319,0,0,0,86.3088
1176.932,0,0.00241209,23.93003,91.19323,0,0,0,126.5188
1450.107,0,0.002807611,39.82198,123.9414,0,0,0,181.7121
1647.711,0,0.008852743,60.99276,172.9968,0.5615208,0,0,247.7976
1733.179,0,0.007166354,86.4603,233.89,1.539322,0,0,314.2765
1697.714,1.622799,0.01088409,111.8587,306.0786,2.527816,0.1800987,0,369.5779
1572.537,6.384404,0.01732249,132.4081,381.2241,3.598646,0.4729344,0,403.1559
1416.32,13.06061,0.03747737,144.0365,450.2499,5.186596,0.7434472,0,409.7037
1250.716,19.92016,0.0382838,146.519,500.3233,7.469687,1.264078,0,393.1318
1082.903,26.17293,0.04789947,141.3862,525.2267,10.63809,1.815981,0,359.8776
908.1409,29.85545,0.04570954,129.8492,523.1232,14.37995,2.878232,0.03724398,320.6484
730.5415,30.29107,-0.003256244,115.708,491.1892,18.11243,4.135666,0.8249456,283.6747
551.2128,27.67885,0,99.67604,445.4154,21.07259,5.555108,2.059928,254.1386
397.5558,23.39134,0,82.96206,394.1304,24.09118,7.47225,3.464258,231.7126
277.3781,18.57335,0.1426705,67.50265,346.5675,27.32657,10.33256,5.077215,213.8141
197.0129,13.85669,0.1600069,53.82792,305.0747,32.64362,13.87525,6.788768,204.3513
146.0984,9.610522,0.2270112,41.9411,272.9083,40.93857,17.52405,8.359551,211.453
115.6505,6.439326,0.1825096,33.68416,251.5953,52.45977,20.94403,9.442466,238.7487
99.37486,3.697634,0.2555616,29.59738,244.0011,63.1003,22.87447,10.64423,298.8009
88.64868,1.67942,0.4037134,28.96811,260.597,69.72517,23.6949,12.29534,378.5547
81.75513,0.4538172,0.5246443,31.40155,305.7933,69.72632,23.63195,15.00695,467.5908
78.03007,0.0286512,0.5390919,36.73447,380.8475,63.38721,23.05837,19.06201,546.6483
76.05424,0.714945,0.2857403,41.64925,483.8468,53.58693,21.91932,24.67018,598.1664
75.12924,1.698779,0.3443683,45.49399,598.9849,44.20543,20.39735,30.75583,615.973
72.87169,3.28935,0.5217735,47.37506,702.5516,38.73621,18.54007,37.06116,595.7831
72.3952,4.361881,0.7197333,46.87606,772.9253,36.27329,16.40415,42.69484,555.3834
73.22313,5.207705,0.9399604,44.53154,801.4206,37.75858,15.03945,46.71676,503.3586
73.77426,5.157549,1.207898,42.41255,789.3086,42.60896,14.77409,48.31512,455.6481
73.99376,4.723556,1.364873,42.60533,740.6191,50.78838,15.40582,47.40372,426.7512
79.12731,4.239141,1.130091,46.78123,678.7052,61.49591,17.12306,44.14269,430.9675
97.37922,3.939533,1.00837,58.08278,622.9423,73.29176,20.03966,39.51596,471.869
136.8221,4.586,1.060298,75.50992,585.2207,83.42811,23.34281,34.66372,536.1755
213.9659,5.984784,0.9351054,97.11449,581.335,90.86567,26.62606,31.32369,609.4469
347.2532,8.946932,0.8397585,116.9062,620.659,94.83177,29.16412,29.13209,671.5944
538.5511,13.36417,1.217072,131.515,694.5131,91.71549,31.08797,28.44916,704.0161
798.1165,18.4273,1.634968,137.8566,778.8692,84.39622,31.63098,28.97948,694.4656
1098.705,22.91716,2.018378,136.1293,853.1881,75.39938,31.11531,30.81921,651.7419
1405.077,26.02115,2.382697,127.9447,894.441,68.61327,29.67705,34.1284,587.5764
1657.77,27.70775,2.631162,115.1115,890.0519,65.94055,28.16327,38.32421,509.5156
1797.508,27.21759,2.566129,101.8588,839.114,71.23403,26.9175,42.61375,433.9264
1826.954,25.10112,2.465389,89.44801,755.1262,81.11178,26.13942,46.20507,367.0667
1756.153,22.03912,2.808417,78.32047,654.7396,90.13888,26.70535,48.12569,316.3414
1611.161,18.69632,3.444075,70.06572,551.9766,92.58241,27.85802,48.1055,277.3097
1434.629,15.50615,4.294571,65.64385,456.1407,88.35999,29.46831,46.47925,250.1562
1245.046,12.80304,5.409329,63.73488,374.2192,78.44488,30.62265,43.94365,233.4735
1039.521,11.72687,6.219953,64.00659,309.8665,65.50474,31.10378,41.61592,225.154
827.4648,10.63805,7.035974,67.08195,258.7365,52.92439,30.39609,39.48936,220.9249
629.1326,10.22143,8.312142,71.89483,220.7777,42.82273,28.51088,38.02114,222.1014
453.1428,10.21278,9.922123,79.38776,193.5168,35.96938,25.52983,37.48369,230.5791
310.4334,10.97533,11.76495,90.39999,177.8237,30.69759,21.8653,36.92879,248.6987
212.3479,12.5838,13.98928,107.3827,170.4174,26.75002,18.65306,35.66899,279.209
148.9956,14.91732,16.26386,133.0258,172.5465,24.25946,16.29347,33.98847,324.4518
111.5916,18.36736,18.72784,167.7421,185.5419,23.13093,14.66819,31.93859,386.0718
89.89645,22.21544,22.08218,211.3097,210.502,22.81072,13.5352,29.14113,463.9748
74.61399,27.98229,26.17739,263.157,244.9259,22.97694,13.39404,25.87172,544.0061
65.1655,36.36664,31.21394,317.9765,286.4051,24.80717,13.62606,22.85695,629.4452
57.37255,46.58863,37.96007,375.971,328.8964,27.5916,14.06491,19.89782,738.4779
52.14178,59.5278,47.10669,445.5374,373.8744,31.20727,14.76125,16.90983,897.03
46.75249,73.95634,62.87992,535.7278,423.4376,36.47347,16.05046,14.71523,1138.772
43.7015,90.32906,91.2892,670.4001,490.0951,43.77681,17.98223,13.48389,1496.769
40.24426,108.9157,136.0449,898.8558,590.0336,52.68804,20.28086,12.52019,1972.431
37.62397,135.0013,199.2047,1228.396,759.907,62.97305,23.20211,12.19071,2532.907
36.32081,173.2116,268.2009,1698.594,1005.33,74.47176,26.37917,12.73116,3092.2
34.59985,225.7856,326.2599,2276.657,1336.473,87.605,29.79399,13.76563,3531.367
34.1765,298.6778,357.366,2900.492,1728.002,105.74,33.29493,15.08234,3764.819
34.02173,390.6633,361.2796,3457.045,2122.483,133.6105,37.44035,16.69937,3757.859
35.11987,495.6163,339.9071,3839.811,2425.645,176.466,42.72644,18.34388,3551.474
36.60774,608.9357,303.7176,4013.697,2592.35,230.8916,50.79475,21.00513,3176.915
39.21387,715.185,264.5298,3916.814,2612.005,291.4789,64.16901,24.37576,2730.419
42.62607,800.4001,226.3605,3646.5,2460.748,349.1748,82.3676,29.304,2275.818
46.04728,849.2901,189.3884,3245.645,2209.906,395.1783,101.1014,36.48025,1823.911
48.97171,858.6145,154.6922,2784.657,1901.228,421.687,115.2917,44.89815,1415.374
51.35125,825.7977,124.464,2309.975,1567.163,423.755,120.9029,54.04007,1063.252
52.81575,754.7635,98.47472,1846.347,1236.688,404.9393,114.8545,62.98778,803.468
54.04784,661.307,76.77299,1446.9,938.5598,367.5527,101.5411,70.13081,602.6686
56.58368,556.1107,59.14888,1110.202,695.6737,319.0547,85.05939,73.33576,455.7711
59.22499,451.4744,44.93967,865.2328,502.1205,266.7908,69.66958,74.68938,354.974
61.05902,356.8199,34.35184,686.7427,370.0652,216.927,55.8477,73.89678,280.1956
63.37008,278.6506,26.97314,571.3065,278.918,172.6699,44.71252,68.61887,223.1446
66.10762,216.4195,21.88235,502.5331,219.4227,133.8392,35.29219,60.27029,185.9
66.75735,169.9938,18.46096,461.9095,179.4498,101.1204,28.06184,50.16097,160.1346
67.12554,136.7863,15.87842,438.8503,152.975,74.68485,22.86455,38.48688,142.2343
67.31252,114.8352,14.01882,419.951,136.5703,54.85997,18.84016,27.43567,130.9603
66.21577,101.1901,12.69484,400.2272,126.0182,39.71648,15.95619,20.207,122.3295
65.32882,93.01411,11.70376,377.1317,117.1149,28.84459,13.81769,16.11042,113.9768
67.09447,86.65573,10.91092,355.5544,108.6668,22.30857,12.42346,13.60285,104.9002
69.80573,81.11073,10.3905,333.5266,100.2138,18.28338,11.51997,12.25257,95.01601
74.58688,75.91593,9.9106,309.3646,90.56891,16.10673,10.91412,11.72324,84.77962
93.13271,70.7464,9.41089,280.487,81.84362,14.71766,10.55211,11.49258,74.53127
154.94,65.09889,9.180987,247.3545,73.31002,13.90988,10.1301,11.51655,65.28433
291.2877,58.63054,9.192184,212.923,66.36367,13.45539,9.962693,11.54615,57.24038
534.0263,52.45815,8.710976,181.9079,59.06793,12.83043,9.522571,11.37587,50.09662
896.2155,46.21836,8.148043,155.6841,52.37196,11.81104,8.95927,11.29852,44.00271
1323.857,39.94621,8.077982,134.61,47.13728,11.022,8.136783,11.05983,38.00934
1693.526,34.41508,7.907935,116.476,43.73006,10.22416,7.030929,10.57306,32.64294
1915.543,29.25997,7.647907,102.5793,42.05228,9.462505,5.781702,9.847309,27.36904
1938.242,24.68394,7.765225,91.13902,40.30407,8.2976,4.428624,8.815443,23.37119
1811.835,20.85913,7.80155,81.74999,38.76932,7.278876,3.495693,7.850838,20.18241
1603.131,18.0786,7.815603,74.60967,36.70893,6.145466,2.658081,6.819524,17.42226
1385.982,15.80984,7.785824,68.22295,35.38481,4.87482,2.233583,5.823589,15.49571
1177.896,14.0308,7.963339,62.85345,34.03837,4.230424,2.320608,4.906129,13.07712
952.2875,12.60797,8.065334,57.92034,32.95969,3.738632,2.379925,3.942389,11.12156
725.6607,11.2115,8.018785,53.48304,32.00057,3.210714,2.171757,3.128726,9.181975
514.5568,9.989634,8.066966,51.03118,30.21202,2.839276,1.847679,2.27502,7.614729
343.3156,8.994211,7.918524,49.36893,28.43919,2.531948,1.672099,1.68832,6.686155
230.7798,8.358289,8.072862,47.61452,26.27584,2.14862,1.539221,1.294481,5.724926
159.1207,7.993023,8.16448,45.23681,24.90103,1.797321,1.397299,1.105662,4.833646
121.4475,7.543065,8.182076,42.84379,23.45635,1.575542,1.543208,0.9499846,4.043876
100.9632,7.128813,8.596918,40.4856,22.07365,1.168231,1.396148,0.7619208,2.988427
90.57072,6.746787,8.753251,38.97987,20.3136,0.2615762,1.009952,0.6574852,2.176459
82.84824,6.398642,8.701601,37.98738,19.0811,0.003486246,0.7759969,0.4834214,1.46964
78.70884,6.179985,8.369488,36.65918,17.82254,0.1422886,0.6792997,0.3349402,0.9936457
75.65926,6.211601,8.252011,34.87225,16.04073,0.1782472,0.8495117,0.1941801,0.3969255
73.40968,6.210189,7.880177,32.74474,14.96215,0.3978977,0.8311204,0.1521244,0.2747975
73.7391,6.570992,7.84248,29.23008,13.90351,0.7525494,0.5835244,0.004036847,0.2088514
76.34644,6.620261,7.914192,26.61686,12.58721,0.964465,0.3329993,0.04763349,0.6202434
77.508,6.578256,7.864805,24.83655,11.62041,0.6790084,0.08051487,0.09033248,0.4978015
77.7814,6.60581,7.807869,22.88781,11.31896,0.7826191,0.09036628,0.2665551,0.5119922
77.35928,6.430525,7.848956,21.17785,11.15576,0.9218218,0.4269794,0.5855705,0.6718165
78.05479,6.436129,7.987186,20.06717,10.92344,0.8192094,1.04907,1.03793,1.147516
78.73662,6.398177,8.133933,18.92233,11.36046,0.9119942,1.703434,1.310196,1.843724
80.92796,6.784053,8.537274,16.88765,11.77819,1.025849,1.987086,1.485547,3.277025
83.87894,6.822971,8.70213,15.42306,11.65149,1.304937,2.254929,1.727163,5.53445
84.54099,6.86085,9.140008,14.45342,11.6204,1.540101,2.348117,1.920472,7.253157
84.35481,6.933512,9.593797,13.39922,11.30982,2.066391,2.336595,2.280583,8.916531
83.67835,6.795224,9.913445,12.04279,10.42153,2.470909,2.305785,2.534232,10.2262
83.07722,6.748033,9.919912,11.16311,9.874878,3.042614,2.761907,2.951088,11.6287
82.81445,6.895232,9.871175,10.5137,9.813424,3.180329,3.332603,3.357466,12.14627
83.71478,6.695751,9.831043,9.979029,9.924819,3.20078,3.895108,3.828014,13.07709
85.59646,6.64621,10.36588,9.638981,10.173,3.41429,4.605564,4.362742,13.86652
88.81346,6.864116,11.54226,9.628093,10.40011,3.92872,5.192613,5.040278,14.24723
91.24297,7.304683,13.21858,9.494871,11.02024,4.50857,5.641256,5.880408,14.89236
97.97063,8.041348,14.86379,9.44238,11.52285,4.989063,6.018421,6.566259,15.15241
125.3911,8.971555,15.98547,9.291403,11.94531,5.638981,6.736468,7.306218,15.9876
195.0206,10.14687,16.45113,9.578199,12.96124,6.149574,7.434597,7.888264,16.13145
349.2362,10.7739,16.57233,10.49266,13.89229,6.837782,8.433564,8.726225,16.7763
613.9883,11.52289,16.71825,10.99415,14.8606,7.797436,9.710402,9.632883,17.35506
999.8707,12.26868,16.67012,11.12286,15.67474,8.858482,11.02673,10.8589,18.39875
1429.437,13.13662,17.00128,10.87556,17.04528,10.03771,12.20344,12.51432,19.65281
1799.875,14.26958,17.66715,10.89505,18.68336,11.24778,13.47681,14.12501,20.95013
2020.03,15.66203,18.9285,11.2221,19.8224,12.47408,14.9118,16.08311,22.94779
2053.386,17.5083,20.77894,12.08848,21.22041,14.0947,16.45037,18.16649,25.29253
1934.687,19.36446,23.118,14.12323,22.81022,16.25264,18.81879,20.45913,28.28916
1757.065,21.44614,25.60236,16.75251,24.7459,18.59252,21.76886,22.56907,32.12928
1554.418,23.4643,28.1149,19.56605,27.32244,21.2242,24.98388,24.89007,36.54452
1343.634,25.83015,30.74147,22.51018,30.49323,24.20911,28.44712,27.74898,40.4946
1127.323,29.5805,34.01518,26.32079,35.04074,27.85036,32.99635,31.65543,43.43528
901.8741,34.5231,38.32718,31.058,40.57631,33.1066,37.82904,37.81291,46.5805
692.3242,39.9621,43.79184,36.06254,46.96569,39.30362,42.44899,45.64487,50.24054
529.2231,47.24875,50.15031,41.63614,54.02523,46.46764,48.51965,55.08467,55.89813
411.7808,55.53041,57.48243,48.61208,62.32301,54.24984,57.66526,65.63497,62.40663
329.5119,65.05883,67.69038,57.83875,72.48297,63.6008,70.69291,77.54074,71.93018
275.33,78.30254,81.1322,71.70618,87.13232,76.86145,87.40496,92.77981,85.16155
241.5848,94.97932,99.17538,91.48142,105.2852,94.85994,110.9961,111.434,101.6015
218.2643,116.0492,122.2594,118.7108,129.2554,119.0781,138.4597,134.5981,122.4502
201.8967,141.1239,149.2605,152.4011,156.1891,149.1804,168.8089,163.0974,146.0199
189.5484,169.4156,179.8932,187.2922,187.0163,182.7798,201.7859,195.6542,172.535
181.3564,198.2857,209.555,219.9454,215.9284,216.311,234.1274,226.9229,198.015
175.6978,224.6758,236.1655,246.8863,242.2286,245.666,263.2164,252.2141,220.5349
171.8805,249.0519,256.2717,268.8942,265.6803,268.2392,288.1796,271.854,239.0818
170.7684,266.9332,271.4893,283.6286,284.6382,284.3743,309.6387,281.8247,253.6869
172.6783,278.4367,283.9284,292.2763,300.6331,294.4503,323.566,288.1998,263.572
178.6039,283.6505,292.2076,295.1882,313.2401,300.1036,331.5828,296.7102,268.9914
190.7727,295.4474,299.1826,299.2636,335.6224,305.759,340.3302,311.5119,276.2206
229.1948,344.7595,318.5644,328.1499,382.9577,329.8339,382.2264,355.4813,321.6323
339.4003,503.7917,397.8648,439.4856,518.5751,442.1189,515.204,489.2147,486.6329
634.0167,867.6971,614.9105,765.1091,837.5468,747.0903,873.3557,867.8016,855.6904
1221.308,1470.194,1097.114,1370.471,1397.262,1315.616,1534.986,1526.695,1505.258
2141.219,2328.881,1849.368,2262.091,2255.204,2203.38,2470.766,2482.083,2463.938
3227.184,3326.74,2835.438,3337.707,3285.536,3260.937,3523.722,3551.994,3551.729
4204.011,4244.709,3862.491,4305.751,4260.678,4254.401,4431.293,4461.674,4487.427
4859.749,4831.808,4663.978,4898.22,4854.808,4855.841,4946.198,4938.183,4941.95
4961.524,4998.555,4991.725,4919.546,4961.092,4969.454,4898.104,4869.874,4859.818
4697.93,4745.116,4787.285,4510.768,4573.86,4587.421,4435.449,4368.271,4308.237
4249.682,4108.383,4185.499,3803.623,3827.686,3857.112,3698.409,3596.411,3457.72
3757.385,3324.183,3350.685,3011.747,2953.628,3012.373,2920.81,2810.395,2595.529
3237.868,2534.992,2520.249,2288.997,2158.163,2224.614,2208.423,2111.912,1871.827
2712.926,1843.811,1806.203,1703.587,1518.198,1570.3,1646.465,1544.205,1342.016
2151.77,1282.706,1270.839,1230.768,1024.448,1055.881,1196.013,1104.574,941.1906
1587.301,883.0275,869.3063,844.3195,683.8572,692.517,840.1655,754.6387,651.4852
1103.831,625.8576,588.054,586.4835,463.0776,450.0516,585.1416,491.7585,463.8861
766.2327,452.1292,404.709,417.9465,330.1432,296.5282,395.7753,313.7852,333.9555
521.8495,343.8504,292.1891,311.0539,251.0867,214.6423,275.2275,215.9523,249.913
364.3054,263.8193,221.091,237.6524,195.7308,161.3459,198.4225,155.7823,197.4818
256.5908,202.9521,172.0368,186.4576,153.3692,127.579,146.9542,120.9351,154.869
189.9053,159.4429,136.59,153.2728,123.3339,104.9297,116.2764,99.50739,123.697
147.3761,125.8349,112.7006,126.4873,100.669,91.86112,97.68446,84.24831,99.65845
119.2976,101.827,95.10252,106.8489,84.43922,83.40423,85.97168,73.26358,82.30731
101.0217,85.64458,83.03744,93.06897,73.32842,77.17624,77.71473,62.7751,71.8635
88.16663,73.15089,73.68199,83.0403,67.55618,70.54144,70.322,52.06888,64.85007
76.93024,63.47971,66.64413,74.80844,62.31455,63.36089,62.80435,43.0961,60.64566
66.44038,56.35793,60.92114,67.62173,58.68313,55.39217,55.77449,36.16853,57.61148
58.18572,50.38649,56.20205,61.64373,56.22282,47.75203,49.62168,31.68565,54.63145
51.66859,46.61166,52.2951,57.15252,53.59153,41.48274,45.40817,28.37324,52.03196
46.47125,43.32197,49.06229,53.6482,50.04265,36.71161,43.13022,25.55905,49.87221
42.08004,41.42764,47.26627,51.13081,46.22047,33.28247,42.31209,22.9915,47.94805
36.52186,39.51585,45.22801,50.00591,42.23604,29.97156,43.57172,20.61819,46.16484
31.59983,38.17638,43.9103,48.54608,38.30289,27.35205,44.76013,18.48122,44.83502
28.20555,38.14896,42.58685,47.09593,34.06652,24.41914,44.25832,16.46635,43.81517
25.34906,38.79701,40.75259,45.26093,30.13417,21.84207,41.06031,15.10857,43.7981
23.23538,39.64458,38.88226,42.48014,26.34287,19.6328,36.6339,14.55338,43.5701
20.93957,40.13189,36.68274,39.23759,22.85766,18.06149,31.4856,14.22737,44.60801
18.21417,40.11022,34.45635,35.75996,19.66089,16.82936,26.28816,14.40201,45.64268
15.4403,38.83223,31.51003,32.72361,16.5451,15.62398,22.74771,14.68535,46.42977
12.98746,36.90689,29.37398,28.83426,14.46797,14.66793,20.48866,14.45606,47.44456
11.95267,35.52913,27.58708,25.99675,12.8444,13.58146,18.87771,13.91698,48.46333
11.40891,34.36419,25.89512,23.00852,11.49861,12.60221,17.82667,13.23558,49.47489
9.841163,32.65368,24.44708,19.35213,10.63732,11.8701,17.88669,12.6409,51.21201
7.919872,30.28995,23.82436,16.66914,10.29029,11.13385,17.99449,11.72034,53.68772
5.911477,27.74455,23.07627,15.03517,9.723358,10.73109,17.81578,10.83175,55.1754
3.538109,25.29176,22.15197,13.923,9.282453,10.69131,17.63206,10.31107,56.82701
2.163637,23.08718,21.14418,12.90624,9.062122,10.81961,16.72963,9.756686,58.69872
1.467447,21.00772,19.59549,12.06089,8.509602,10.69982,15.47564,9.170264,60.76107
1.483395,19.24481,17.67262,11.11287,7.823784,10.60561,14.29511,8.501016,62.22167
0.7762638,18.04537,15.84048,9.768943,7.140617,10.45735,13.52311,7.615495,63.70554
0.209297,17.07479,14.61436,8.843796,7.068386,9.850126,12.75566,6.608244,65.49831
0,15.88483,13.6593,8.207276,6.879833,9.385151,11.99985,5.617499,66.64703
0,15.3198,12.78987,7.980518,6.819869,9.161345,11.61853,5.088267,68.42067
0,15.29489,11.96253,7.440955,6.997048,9.106773,11.18724,4.854023,69.61021
0,14.97568,11.66589,6.854792,7.169195,8.870251,10.7457,4.735374,70.84055
0.009283464,14.77556,11.19963,6.164275,7.078325,8.771601,10.18501,4.507443,71.21884
0.03498901,14.89653,10.90939,5.762845,7.164905,8.392848,9.771186,4.221143,71.22742
0.513912,14.74494,10.69674,5.493124,7.434677,7.645062,9.143651,3.973678,71.1595
0.6811901,13.70993,10.36147,5.345992,6.996806,7.070213,8.306477,3.837052,70.71581
0.7838674,12.64385,9.875026,5.17562,6.544822,6.666646,7.606251,3.515546,70.25227
0.3933266,11.78289,9.244603,4.372967,6.231435,6.420824,7.39674,3.331972,68.99313
0,10.83682,9.16919,4.50115,5.787711,6.381199,7.273425,3.279806,67.7359
0,10.03661,8.705943,4.590387,5.402814,6.23433,7.23227,2.999638,65.34989
0,9.173348,8.506826,4.596688,5.220986,6.160964,7.291464,2.765153,63.05683
0,0,8.314966,4.243842,4.693352,6.269923,7.295095,0.156664,60.90594
0.4896502,0,8.286753,3.413257,3.741585,6.223579,0,0,59.69032
0.4377621,0,8.24775,2.214717,2.693355,6.364593,0,0,58.9351
0.2346331,0,0,0.5577377,2.016057,6.436155,0,0,57.57686
0.1803256,0,0,0.09698133,1.046669,6.537705,0,0,56.26812
0.09139259,0,0,0.235191,0.5180082,0.846741,0,0,54.40451
0,0,0,0.4626081,0.07786622,0,0,0,52.75874
0,0,0,1.114947,0.2726629,0,0,0,51.47957
0,0,0,1.116811,0.3510862,0,0,0,51.40189
0,0,0,1.32824,0.3321504,0,0,0,51.45237
0,0,0,1.53075,0.6216873,0,0,0,51.57194
0,0,0,2.015456,0.9104983,0,0,0,52.21798
0,0,0,0.6203001,1.397822,0,0,0,53.67761
0,0,0,0,0,0,0,0,55.55274
0,0,0,0,0,0,0,0,56.84492
0,0,0,0,0,0,0,0,26.44766
0,0,0,0,0,0,0,0,0
0,0,0,0,0,0,0,0,0
0,0,0,0,0,0,0,0,0
0,0,0,0,0,0,0,0,0
0,0,0,0,0,0,0,0,0
0,0,0,0,0,0,0,0,0
0,0,0,0,0,0,0,0,0
0,0,0,0,0,0,0,0,0
0,0,0,0,0,0,0,0,0
0,0,0,0,0,0,0,0,0
0,0,0,0,0,0,0,0,0
0,0,0,0,0,0,0,0,0
0,0,0,0,0,0,0,0,0
0,0,0,0,0,0,0,0,0
0,0,0,0,0,0,0,0,0
0,0,0,0,0,0,0,0,0
0,0,0,0,0,0,0,0,0
0,0,0,0,0,0,0,0,0
0,0,0,0,0,0,0,0,0
0,0,0,0,0,0,0,0,0
0,0,0,0,0,0,0,0,0
0,0,0,0,0,0,0,0,0
0,0,0,0,0,0,0,0,0
0,0,0,0,0,0,0,0,0
0,0,0,0,0,0,0,0,0
0,0,0,0,0,0,0,0,0
0,0,0,0,0,0,0,0,0
0,0,0,0,0,0,0,0,0
0,0,0,0,0,0,0,0,0
0,0,0,0,0,0,0,0,0
0,0,0,0,0,0,0,0,0
0,0,0,0,0,0,0,0,0
0,0,0,0,0,0,0,0,0
0,0,0,0,0,0,0,0,0
0,0,0,0,0,0,0,0,0
0,0,0,0,0,0,0,0,0
